{"cameraMode":{"drawMode":0,"name":"Shaded","section":"Shading Mode"},"sceneLighting":true,"audioPlay":false,"sceneViewState":{"showFog":true,"showMaterialUpdate":false,"showSkybox":true,"showFlares":true,"showImageEffects":true,"showParticleSystems":true},"in2DMode":false,"pivot":{"x":-14.553169250488282,"y":1.8029708862304688,"z":27.159915924072267},"rotation":{"x":0.15824246406555177,"y":-0.5373376607894898,"z":0.1034906730055809,"w":0.8218994140625},"size":36.058990478515628,"orthographic":false}