{"cameraMode":{"drawMode":0,"name":"Shaded","section":"Shading Mode"},"sceneLighting":false,"audioPlay":false,"sceneViewState":{"showFog":true,"showMaterialUpdate":false,"showSkybox":false,"showFlares":true,"showImageEffects":true,"showParticleSystems":true},"in2DMode":false,"pivot":{"x":-0.028819680213928224,"y":1.5259854793548585,"z":-2.9992613792419435},"rotation":{"x":0.2849198281764984,"y":-0.5692200660705566,"z":0.21934723854064942,"w":0.7393937706947327},"size":2.0027763843536379,"orthographic":false}