{"cameraMode":{"drawMode":0,"name":"Shaded","section":"Shading Mode"},"sceneLighting":false,"audioPlay":false,"sceneViewState":{"showFog":true,"showMaterialUpdate":false,"showSkybox":false,"showFlares":true,"showImageEffects":true,"showParticleSystems":true},"in2DMode":false,"pivot":{"x":0.0,"y":1.4490582942962647,"z":0.763013482093811},"rotation":{"x":0.24346396327018739,"y":-0.5805092453956604,"z":0.1874343603849411,"w":0.7540584206581116},"size":1.9963756799697877,"orthographic":false}