{"cameraMode":{"drawMode":0,"name":"Shaded","section":"Shading Mode"},"sceneLighting":false,"audioPlay":false,"sceneViewState":{"showFog":true,"showMaterialUpdate":false,"showSkybox":false,"showFlares":true,"showImageEffects":true,"showParticleSystems":true},"in2DMode":false,"pivot":{"x":1.2332348823547364,"y":6.847654342651367,"z":2.068499803543091},"rotation":{"x":-0.08230068534612656,"y":-0.900460422039032,"z":0.19504214823246003,"w":-0.37995168566703799},"size":2.8494324684143068,"orthographic":false}